year,category,revenue,percentage
2016,furniture_decor,5690.52,14.060741795726223
2016,perfumery,4829.099999999999,11.932253679055952
2016,toys,4106.5,10.146776776841083
2016,consoles_games,3619.36,8.943099475228916
2016,health_beauty,3574.2200000000003,8.831562764232544
2016,watches_gifts,2711.0699999999997,6.69879997963973
2016,sports_leisure,2012.15,4.971834138931155
2016,baby,1371.17,3.388032610033164
2016,garden_tools,1359.88,3.3601360777525033
2016,air_conditioning,1349.29,3.333969179891369
2016,office_furniture,1300.8799999999999,3.2143526052494895
2016,housewares,1287.0700000000002,3.18022938905853
2016,auto,1128.26,2.787824757394063
2016,cool_stuff,1046.1,2.5848150946678334
2016,market_place,915.29,2.2615958397844573
2016,fixed_telephony,704.88,1.7416924423376945
2016,pet_shop,689.6800000000001,1.7041346663708168
2016,computers_accessories,669.02,1.6530857419316258
2016,bed_bath_table,478.99,1.1835394151562426
2016,fashion_bags_accessories,384.2,0.9493222056891135
2016,industry_commerce_and_business,359.6,0.8885379103742979
2016,telephony,228.29,0.5640832023341169
2016,audio,156.99,0.3879075821736958
2016,diapers_and_hygiene,134.9,0.3333252617060422
2016,electronics,107.99,0.2668331728067865
2016,food,79.9,0.1974254144574705
2016,Unknown,65.89,0.16280801700378889
2016,fashio_female_clothing,54.9,0.13565275661721063
2016,fashion_shoes,29.99,0.07410248034517572
2016,fashion_male_clothing,24.9,0.061525567208898804
2017,bed_bath_table,490596.92,8.227485864722436
2017,watches_gifts,475610.71,7.976161761544695
2017,health_beauty,473833.0,7.94634892884983
2017,sports_leisure,435674.14,7.306411194907428
2017,computers_accessories,391786.29,6.57039624905726
2017,cool_stuff,381414.3,6.396454266066332
2017,furniture_decor,324587.6,5.4434501767034735
2017,toys,299056.71,5.015288017453099
2017,garden_tools,256949.2,4.309130010338707
2017,auto,234550.09,3.9334889221162967
2017,housewares,222518.16,3.731709151463987
2017,perfumery,210943.55,3.5375988008228227
2017,computers,156280.8,2.6208849271363426
2017,baby,148434.88,2.4893060417741126
2017,telephony,135508.26,2.272521999736836
2017,office_furniture,126275.08,2.1176782678674275
2017,Unknown,100586.76,1.6868759511947773
2017,small_appliances,96841.18,1.6240612345732646
2017,stationery,91472.94,1.5340339292276917
2017,pet_shop,84156.32,1.4113315942282272
2017,consoles_games,82886.93,1.3900434697903077
2017,fashion_bags_accessories,79352.76,1.330774174502995
2017,musical_instruments,78488.46,1.3162795542903782
2017,luggage_accessories,75088.7,1.259264362789688
2017,electronics,55200.34,0.9257294503150824
2017,home_confort,37270.8,0.6250446500293907
2017,furniture_living_room,33883.44,0.5682374109649339
2017,agro_industry_and_commerce,29179.2,0.4893456231724996
2017,fixed_telephony,27604.94,0.46294471976406004
2017,air_conditioning,27269.21,0.45731440755304315
2017,home_construction,23742.45,0.3981693806167376
2017,home_appliances,23071.73,0.3869211662594469
2017,home_appliances_2,21051.09,0.35303431055376344
2017,market_place,19314.91,0.3239179508167031
2017,construction_tools_construction,19221.88,0.32235780443422046
2017,kitchen_dining_laundry_garden_furniture,18522.15,0.31062308199829036
2017,books_general_interest,18446.0,0.30934601925480915
2017,audio,17452.670000000002,0.2926875197803226
2017,fashion_shoes,14674.5,0.24609661496013754
2017,art,8981.34,0.15062028497094154
2017,costruction_tools_garden,8731.89,0.14643691922752222
2017,industry_commerce_and_business,8656.67,0.14517545291675857
2017,food,8346.38,0.1399717786071752
2017,furniture_bedroom,8238.63,0.1381647725584543
2017,fashion_male_clothing,8125.56,0.1362685482064462
2017,construction_tools_safety,7846.9,0.13159532031283538
2017,food_drink,7286.94,0.12220459078112539
2017,fashion_underwear_beach,6896.85,0.1156626419222341
2017,tablets_printing_image,6260.45,0.1049899862432923
2017,books_technical,5762.22,0.09663449089615343
2017,drinks,4646.650000000001,0.07792598288899268
2017,signaling_and_security,4248.8099999999995,0.07125406375745556
2017,costruction_tools_tools,4087.29,0.0685453155719391
2017,construction_tools_lights,4053.48,0.06797830977604813
2017,dvds_blu_ray,3409.88,0.057184907521228914
2017,christmas_supplies,2826.94,0.04740879516817685
2017,furniture_mattress_and_upholstery,2548.28,0.04273556727456604
2017,fashio_female_clothing,1963.38,0.03292658502030289
2017,party_supplies,1843.4,0.030914477496168012
2017,fashion_sport,1725.02,0.028929202544450337
2017,music,1558.3899999999999,0.026134757830776425
2017,la_cuisine,1273.99,0.021365268083618903
2017,books_imported,947.99,0.015898131453614146
2017,small_appliances_home_oven_and_coffee,734.79,0.012322691179022073
2017,cine_photo,695.0,0.0116553986437218
2017,cds_dvds_musicals,665.0,0.011152287910899278
2017,home_comfort_2,609.18,0.010216166540694167
2017,fashion_childrens_clothes,349.98,0.005869289809107563
2017,security_and_services,283.28999999999996,0.004750874650043092
2017,flowers,270.5,0.00453638177428309
2017,arts_and_craftmanship,151.89000000000001,0.002547249640280438
2017,diapers_and_hygiene,76.0,0.0012745471898170603
2018,health_beauty,755724.5,10.469817126140368
2018,watches_gifts,687855.2,9.529554954569699
2018,bed_bath_table,532358.85,7.375306484019495
2018,sports_leisure,517166.26,7.164828143073253
2018,computers_accessories,496269.3,6.875321385395989
2018,housewares,391823.46,5.4283273493602175
2018,furniture_decor,381649.57,5.2873781439798595
2018,auto,343288.3,4.755920606707355
2018,baby,250615.79,3.4720344387712694
2018,cool_stuff,227743.7,3.1551642041915726
2018,garden_tools,212186.2,2.9396303953234884
2018,perfumery,174372.0,2.415751972999881
2018,telephony,174123.68,2.4123117444658537
2018,toys,168123.27,2.329181985695476
2018,office_furniture,140578.35,1.9475743030622334
2018,stationery,132315.75,1.83310413438774
2018,pet_shop,126849.64,1.7573765748189192
2018,construction_tools_construction,122886.61,1.7024727052667106
2018,musical_instruments,105827.28,1.4661325238983942
2018,electronics,99735.6,1.3817383093519997
2018,home_appliances_2,86902.86,1.2039533612296265
2018,small_appliances,85912.94,1.190238996577549
2018,Unknown,75314.56,1.043408901174603
2018,fashion_bags_accessories,69592.43,0.9641344371708536
2018,luggage_accessories,63612.93,0.8812943658144844
2018,computers,62403.34,0.8645366901038146
2018,consoles_games,61497.08,0.851981352188032
2018,home_construction,57665.12,0.7988933281333866
2018,home_appliances,55760.75,0.7725101611982031
2018,small_appliances_home_oven_and_coffee,45854.77,0.6352725844685828
2018,agro_industry_and_commerce,41386.9,0.5733746549408664
2018,construction_tools_lights,35903.52,0.4974078365657369
2018,furniture_living_room,33467.26,0.463655858600578
2018,audio,32960.94,0.45664129468567594
2018,construction_tools_safety,30926.32,0.42845364254367485
2018,industry_commerce_and_business,29482.54,0.40845149550414
2018,kitchen_dining_laundry_garden_furniture,27009.829999999998,0.3741945387613342
2018,fixed_telephony,27005.39,0.3741330269431517
2018,books_general_interest,26856.149999999998,0.3720654540274857
2018,air_conditioning,24705.06,0.34226422497924225
2018,home_confort,20737.65,0.2872996748496374
2018,food,20304.87,0.28130393505841583
2018,signaling_and_security,17066.24,0.23643591259886612
2018,drinks,16883.19,0.23389993550014826
2018,costruction_tools_garden,16364.39,0.2267124735017062
2018,art,14675.96,0.2033209421562368
2018,books_technical,12940.01,0.1792710681080574
2018,costruction_tools_tools,11816.66,0.16370816248749093
2018,furniture_bedroom,10813.17,0.14980579887759
2018,fashion_shoes,8296.97,0.1149463311048839
2018,food_drink,7655.94,0.10606549308471948
2018,market_place,7565.57,0.10481350592049586
2018,cine_photo,5979.47,0.08283965573597593
2018,christmas_supplies,5910.900000000001,0.08188968605742318
2018,music,4475.96,0.06201000849372919
2018,books_imported,3470.87,0.048085478462861556
2018,party_supplies,2621.79,0.03632231301637509
2018,fashion_underwear_beach,2409.1,0.033375702969249715
2018,fashion_male_clothing,2301.87,0.03189013714408984
2018,furniture_mattress_and_upholstery,1775.1,0.02459225866120758
2018,arts_and_craftmanship,1662.12,0.023027032260698743
2018,diapers_and_hygiene,1289.8899999999999,0.017870152962934507
2018,tablets_printing_image,1267.96,0.017566334455560117
2018,dvds_blu_ray,1132.71,0.015692579183221474
2018,flowers,839.54,0.011630998161472712
2018,la_cuisine,781.0,0.010819984234354752
2018,fashio_female_clothing,616.66,0.008543215720815877
2018,fashion_sport,369.5,0.00511905784198986
2018,fashion_childrens_clothes,169.97,0.0023547666073153355
2018,home_comfort_2,151.09,0.002093202839908655
2018,cds_dvds_musicals,65.0,0.0009005108517708821
