product_category_name_english,price,sales_percentage
health_beauty,1258681.34,9.384664219706629
watches_gifts,1205005.68,8.984461221645864
bed_bath_table,1036988.68,7.731734992938567
sports_leisure,988048.97,7.3668429978289725
computers_accessories,911954.32,6.79948514761559
furniture_decor,729762.49,5.4410721054997255
cool_stuff,635290.85,4.736696350088109
housewares,632248.66,4.714013935774611
auto,592720.11,4.419291072208615
garden_tools,485256.46,3.618047549305451
toys,483946.6,3.6082812995930134
baby,411764.89,3.0700981315210694
perfumery,399124.87,2.9758547836135074
telephony,323667.52999999997,2.4132486844301844
office_furniture,273960.7,2.0426370815156294
stationery,230943.23,1.721901007418191
computers,222963.13,1.6624017866387035
pet_shop,214315.41,1.5979248250067457
musical_instruments,191498.88,1.4278059347808343
small_appliances,190648.58,1.421466141115492
electronics,160246.74,1.1947915643228895
consoles_games,157465.22,1.1740526923059276
fashion_bags_accessories,152823.54,1.1394445616925606
construction_tools_construction,144677.59,1.0787087717264368
luggage_accessories,140429.98,1.0470388070423906
home_appliances_2,113317.74,0.844891320972486
home_construction,83088.12,0.6195008077633777
home_appliances,80171.53,0.5977548606783482
agro_industry_and_commerce,72530.47,0.5407835049397849
furniture_living_room,68916.56,0.5138383753089285
fixed_telephony,59583.0,0.4442478254287777
home_confort,58572.04,0.4367101589535167
air_conditioning,55024.96,0.41026331041245784
audio,50688.5,0.37793088463566116
small_appliances_home_oven_and_coffee,47445.71,0.3537528068983504
books_general_interest,46856.88,0.34936252028896136
kitchen_dining_laundry_garden_furniture,46328.37,0.3454219765396141
construction_tools_lights,41080.0,0.30629039606287345
construction_tools_safety,40544.52,0.30229788434710547
industry_commerce_and_business,39669.61,0.2957745997701978
food,29393.41,0.2191557738689977
market_place,28378.47,0.21158843271563713
costruction_tools_garden,25715.89,0.19173637130499724
art,24202.64,0.180453656070281
fashion_shoes,23562.77,0.1756828178100875
drinks,22428.7,0.16722724942004308
signaling_and_security,21509.23,0.16037172774360856
furniture_bedroom,20028.78,0.14933356764498926
books_technical,19096.06,0.14237925464071072
costruction_tools_tools,15903.95,0.11857904441246682
food_drink,15179.48,0.11317743284392566
fashion_male_clothing,10797.82,0.08050799816006857
fashion_underwear_beach,9541.55,0.07114131276907765
christmas_supplies,8800.82,0.06561846746538602
tablets_printing_image,7528.41,0.05613144305315718
cine_photo,6933.46,0.05169552603422811
music,6034.35,0.044991807484956195
dvds_blu_ray,5999.39,0.04473114749843336
books_imported,4639.85,0.03459448622620067
party_supplies,4485.18,0.033441274552416723
furniture_mattress_and_upholstery,4368.08,0.03256818289275357
,3968.5299999999997,0.02958915836142637
fashio_female_clothing,2803.64,0.020903797614842127
fashion_sport,2119.51,0.01580295903990314
la_cuisine,2054.99,0.015321901192922208
arts_and_craftmanship,1814.01,0.013525166537536833
diapers_and_hygiene,1567.59,0.011687871518115867
,1545.95,0.011526524775886058
flowers,1110.04,0.008276401929056282
home_comfort_2,760.27,0.005668534552451821
cds_dvds_musicals,730.0,0.00544284296801114
fashion_childrens_clothes,569.85,0.004248772692220751
security_and_services,283.28999999999996,0.002112195869051884
