customer_state,unique_customers,orders,revenue,revenue_per_customer
SP,40302,41746,5202955.05,129.09917746017567
RJ,12384,12852,1824092.67,147.29430474806202
MG,11259,11635,1585308.03,140.8036264321876
RS,5277,5466,750304.02,142.183820352473
PR,4882,5045,683083.76,139.91883654240067
SC,3534,3637,520553.34,147.2986247877759
BA,3277,3380,511349.99,156.0421086359475
DF,2075,2140,302603.94,145.83322409638555
GO,1952,2020,294591.95,150.91800717213115
ES,1964,2033,275037.31,140.0393635437882
PE,1609,1652,262788.03,163.32382224984465
CE,1313,1336,227254.71,173.08051028179742
PA,949,975,178947.81,188.5646048472076
MT,876,907,156453.53,178.5999200913242
MA,726,747,119648.22,164.80471074380165
MS,694,715,116812.64,168.3179250720461
PB,519,536,115268.08,222.09649325626205
PI,482,495,86914.08,180.31966804979254
RN,474,485,83034.98,175.17928270042194
AL,401,413,80314.81,200.28630922693267
SE,342,350,58920.85,172.28318713450292
TO,273,280,49621.74,181.76461538461538
RO,240,253,46140.64,192.25266666666667
AM,143,148,22356.84,156.34153846153848
AC,77,81,15982.95,207.57077922077923
AP,67,68,13474.3,201.1089552238806
RR,45,46,7829.43,173.98733333333334
